"","list"
"1","https://en.wikipedia.org/wiki/List_of_Carnegie_libraries_in_Alabama"
"2","https://en.wikipedia.org/wiki/List_of_Carnegie_libraries_in_Arizona"
"3","https://en.wikipedia.org/wiki/List_of_Carnegie_libraries_in_Arkansas"
"4","https://en.wikipedia.org/wiki/List_of_Carnegie_libraries_in_California"
"5","https://en.wikipedia.org/wiki/List_of_Carnegie_libraries_in_Colorado"
"6","https://en.wikipedia.org/wiki/List_of_Carnegie_libraries_in_Connecticut"
"7","https://en.wikipedia.org/wiki/List_of_Carnegie_libraries_in_Florida"
"8","https://en.wikipedia.org/wiki/List_of_Carnegie_libraries_in_Georgia"
"9","https://en.wikipedia.org/wiki/List_of_Carnegie_libraries_in_Idaho"
"10","https://en.wikipedia.org/wiki/List_of_Carnegie_libraries_in_Illinois"
"11","https://en.wikipedia.org/wiki/List_of_Carnegie_libraries_in_Indiana"
"12","https://en.wikipedia.org/wiki/List_of_Carnegie_libraries_in_Iowa"
"13","https://en.wikipedia.org/wiki/List_of_Carnegie_libraries_in_Kansas"
"14","https://en.wikipedia.org/wiki/List_of_Carnegie_libraries_in_Kentucky"
"15","https://en.wikipedia.org/wiki/List_of_Carnegie_libraries_in_Louisiana"
"16","https://en.wikipedia.org/wiki/List_of_Carnegie_libraries_in_Maine"
"17","https://en.wikipedia.org/wiki/List_of_Carnegie_libraries_in_Maryland"
"18","https://en.wikipedia.org/wiki/List_of_Carnegie_libraries_in_Massachusetts"
"19","https://en.wikipedia.org/wiki/List_of_Carnegie_libraries_in_Michigan"
"20","https://en.wikipedia.org/wiki/List_of_Carnegie_libraries_in_Minnesota"
"21","https://en.wikipedia.org/wiki/List_of_Carnegie_libraries_in_Mississippi"
"22","https://en.wikipedia.org/wiki/List_of_Carnegie_libraries_in_Missouri"
"23","https://en.wikipedia.org/wiki/List_of_Carnegie_libraries_in_Montana"
"24","https://en.wikipedia.org/wiki/List_of_Carnegie_libraries_in_Nebraska"
"25","https://en.wikipedia.org/wiki/List_of_Carnegie_libraries_in_Nevada"
"26","https://en.wikipedia.org/wiki/List_of_Carnegie_libraries_in_New_Hampshire"
"27","https://en.wikipedia.org/wiki/List_of_Carnegie_libraries_in_New_Jersey"
"28","https://en.wikipedia.org/wiki/List_of_Carnegie_libraries_in_New_Mexico"
"29","https://en.wikipedia.org/wiki/List_of_Carnegie_libraries_in_New_York"
"30","https://en.wikipedia.org/wiki/List_of_Carnegie_libraries_in_North_Carolina"
"31","https://en.wikipedia.org/wiki/List_of_Carnegie_libraries_in_North_Dakota"
"32","https://en.wikipedia.org/wiki/List_of_Carnegie_libraries_in_Ohio"
"33","https://en.wikipedia.org/wiki/List_of_Carnegie_libraries_in_Oklahoma"
"34","https://en.wikipedia.org/wiki/List_of_Carnegie_libraries_in_Oregon"
"35","https://en.wikipedia.org/wiki/List_of_Carnegie_libraries_in_Pennsylvania"
"36","https://en.wikipedia.org/wiki/List_of_Carnegie_libraries_in_South_Carolina"
"37","https://en.wikipedia.org/wiki/List_of_Carnegie_libraries_in_South_Dakota"
"38","https://en.wikipedia.org/wiki/List_of_Carnegie_libraries_in_Tennessee"
"39","https://en.wikipedia.org/wiki/List_of_Carnegie_libraries_in_Texas"
"40","https://en.wikipedia.org/wiki/List_of_Carnegie_libraries_in_Utah"
"41","https://en.wikipedia.org/wiki/List_of_Carnegie_libraries_in_Vermont"
"42","https://en.wikipedia.org/wiki/List_of_Carnegie_libraries_in_Virginia"
"43","https://en.wikipedia.org/wiki/List_of_Carnegie_libraries_in_Washington"
"44","https://en.wikipedia.org/wiki/List_of_Carnegie_libraries_in_West_Virginia"
"45","https://en.wikipedia.org/wiki/List_of_Carnegie_libraries_in_Wisconsin"
"46","https://en.wikipedia.org/wiki/List_of_Carnegie_libraries_in_Wyoming"
"47","https://en.wikipedia.org/wiki/List_of_Carnegie_libraries_in_Hawaii"
